{
    "camera_name": "Intel_RealSense_D435",
    "seril_number": "207522071359",
    "width": 640,
    "height": 480,
    "fx": 563.6249596576276,
    "fy": 566.4088608878184,
    "cx": 330.61502722186367,
    "cy": 259.117865685683,
    "k1": 0.088571538,
    "k2": -0.098454002,
    "p1": 0.0,
    "p2": 0.0,
    "k3": 0.0,
    "reprojection_error": 0.208
}